<xml xmlns="http://www.w3.org/1999/xhtml"><block type="text_print" id="2hV08jyWqDBe^7e5uY.f" x="77" y="68"><value name="TEXT"><shadow type="text" id=".u(Gb7!yoGe=:IKe6x]j"><field name="TEXT">Hallo TXT!</field></shadow></value><next><block type="output" id="MCRNj*tar6rGl4..a5Y{"><field name="port">0</field><value name="value"><shadow type="on_off" id="}6$pX{-+=UW?s*gH(dX]"><field name="state">100</field></shadow></value><next><block type="wait" id="8/BOeX[riW53/8v^}0=z"><value name="seconds"><shadow type="math_number" id="D%(e.E]SI~JqX|ajPl}!"><field name="NUM">1</field></shadow></value><next><block type="output" id="i?[$;E{qI^82hPQ^*j0/"><field name="port">0</field><value name="value"><shadow type="on_off" id="9sa#^!cRDPCU[16?arFN"><field name="state">0</field></shadow></value></block></next></block></next></block></next></block><settings speed="90"></settings></xml>