<xml xmlns="http://www.w3.org/1999/xhtml">
  <!-- Brickly default toolbox -->
  <category name="{catCustom}" colour="180">
    <block type="wait">
      <value name="seconds">
        <shadow type="math_number">
          <field name="NUM">1</field>
        </shadow>
      </value>
    </block>
    <block type="play_snd"></block>
    <block type="sound"></block>
  </category>
  <category name="{catInputs}" colour="200">
    <block type="simple_input"></block>
    <block type="input"></block>
    <block type="input_converter_r2t"></block>
  </category>
  <category name="{catOutputs}" colour="220">
    <block type="output"></block>
    <block type="on_off"></block>
    <block type="pwm_value"></block>
    <block type="io_sync"></block>
    <category name="{catMotors}" colour="220">
      <block type="motor_set"></block>
      <block type="left_right"></block>
      <block type="gear_ratio"></block>
      <block type="pwm_value"></block>
      <block type="motor_off"></block>
      <block type="motor_has_stopped"></block>
      <block type="motor_sync">
	<field name="port_b">1</field>
      </block>
    </category>
    <category name="{catMobile}" colour="250">
      <block type="mobile_drive">
	<value name="dist">
	  <shadow type="math_number">
            <field name="NUM">25</field>
	  </shadow>
	</value>
      </block>
      <block type="mobile_drive_while"></block>
      <block type="mobile_turn">
	<value name="angle">
	  <shadow type="angle"></shadow>
	</value>
      </block>
      <block type="angle"></block>
      <block type="simple_angle"></block>
      <block type="mobile_config">
	<field name="motor_right">1</field>
	<value name="motor_type">
	  <shadow type="gear_ratio">
	  </shadow>
	</value>
      </block>
    </category>
  </category>
  <category name="{catLogic}" colour="43">
    <block type="controls_if"></block>
    <block type="logic_compare"></block>
    <block type="logic_operation"></block>
    <block type="logic_negate"></block>
    <block type="logic_boolean"></block>
    <block type="logic_null"></block>
    <block type="logic_ternary"></block>
  </category>
  <category name="{catLoops}" colour="120">
    <block type="repeat"></block>
    <block type="controls_repeat_ext">
      <value name="TIMES">
        <shadow type="math_number">
          <field name="NUM">10</field>
        </shadow>
      </value>
    </block>
    <block type="controls_whileUntil"></block>
    <block type="controls_for">
      <value name="FROM">
        <shadow type="math_number">
          <field name="NUM">1</field>
        </shadow>
      </value>
      <value name="TO">
        <shadow type="math_number">
          <field name="NUM">10</field>
        </shadow>
      </value>
      <value name="BY">
        <shadow type="math_number">
          <field name="NUM">1</field>
        </shadow>
      </value>
    </block>
    <block type="controls_forEach"></block>
    <block type="controls_flow_statements"></block>
  </category>
  <category name="{catMath}" colour="240">
    <block type="math_number"></block>
    <block type="math_arithmetic">
      <value name="A">
        <shadow type="math_number">
          <field name="NUM">1</field>
        </shadow>
      </value>
      <value name="B">
        <shadow type="math_number">
          <field name="NUM">1</field>
        </shadow>
      </value>
    </block>
    <block type="math_single">
      <value name="NUM">
        <shadow type="math_number">
          <field name="NUM">9</field>
        </shadow>
      </value>
    </block>
    <block type="math_trig">
      <value name="NUM">
        <shadow type="math_number">
          <field name="NUM">45</field>
        </shadow>
      </value>
    </block>
    <block type="math_constant"></block>
    <block type="math_number_property">
      <value name="NUMBER_TO_CHECK">
        <shadow type="math_number">
          <field name="NUM">0</field>
        </shadow>
      </value>
    </block>
    <block type="math_round">
      <value name="NUM">
        <shadow type="math_number">
          <field name="NUM">3.1</field>
        </shadow>
      </value>
    </block>
    <block type="math_on_list"></block>
    <block type="math_modulo">
      <value name="DIVIDEND">
        <shadow type="math_number">
          <field name="NUM">64</field>
        </shadow>
      </value>
      <value name="DIVISOR">
        <shadow type="math_number">
          <field name="NUM">10</field>
        </shadow>
      </value>
    </block>
    <block type="math_constrain">
      <value name="VALUE">
        <shadow type="math_number">
          <field name="NUM">50</field>
        </shadow>
      </value>
      <value name="LOW">
        <shadow type="math_number">
          <field name="NUM">1</field>
        </shadow>
      </value>
      <value name="HIGH">
        <shadow type="math_number">
          <field name="NUM">100</field>
        </shadow>
      </value>
    </block>
    <block type="math_random_int">
      <value name="FROM">
        <shadow type="math_number">
          <field name="NUM">1</field>
        </shadow>
      </value>
      <value name="TO">
        <shadow type="math_number">
          <field name="NUM">100</field>
        </shadow>
      </value>
    </block>
    <block type="math_random_float"></block>
  </category>
  <category name="{catText}" colour="350">
    <block type="text_clear"></block>
    <block type="text_print">
      <value name="TEXT">
        <shadow type="text">
          <field name="TEXT">abc</field>
        </shadow>
      </value>
    </block>
    <block type="text_print_color">
      <value name="str">
        <shadow type="text">
          <field name="TEXT">abc</field>
        </shadow>
      </value>
    </block>
    <block type="text"></block>
    <block type="text_join"></block>
    <block type="text_append">
      <value name="TEXT">
        <shadow type="text"></shadow>
      </value>
    </block>
    <block type="text_length">
      <value name="VALUE">
        <shadow type="text">
          <field name="TEXT">abc</field>
        </shadow>
      </value>
    </block>
    <block type="text_isEmpty">
      <value name="VALUE">
        <shadow type="text">
          <field name="TEXT"></field>
        </shadow>
      </value>
    </block>
    <block type="text_indexOf">
      <value name="VALUE">
        <block type="variables_get">
          <field name="VAR">{textVariable}</field>
        </block>
      </value>
      <value name="FIND">
        <shadow type="text">
          <field name="TEXT">abc</field>
        </shadow>
      </value>
    </block>
    <block type="text_charAt">
      <value name="VALUE">
        <block type="variables_get">
          <field name="VAR">{textVariable}</field>
        </block>
      </value>
    </block>
    <block type="text_getSubstring">
      <value name="STRING">
        <block type="variables_get">
          <field name="VAR">{textVariable}</field>
        </block>
      </value>
    </block>
    <block type="text_changeCase">
      <value name="TEXT">
        <shadow type="text">
          <field name="TEXT">abc</field>
        </shadow>
        </value>
    </block>
    <block type="text_trim">
      <value name="TEXT">
        <shadow type="text">
          <field name="TEXT">abc</field>
          </shadow>
      </value>
    </block>
  </category>
  <category name="{catLists}" colour="260">
    <block type="lists_create_with">
      <mutation items="0"></mutation>
    </block>
    <block type="lists_create_with"></block>
    <block type="lists_repeat">
      <value name="NUM">
        <shadow type="math_number">
          <field name="NUM">5</field>
        </shadow>
      </value>
    </block>
    <block type="lists_length"></block>
    <block type="lists_isEmpty"></block>
    <block type="lists_indexOf">
      <value name="VALUE">
        <block type="variables_get">
          <field name="VAR">{listVariable}</field>
        </block>
      </value>
    </block>
    <block type="lists_getIndex">
      <value name="VALUE">
        <block type="variables_get">
          <field name="VAR">{listVariable}</field>
        </block>
        </value>
    </block>
    <block type="lists_setIndex">
      <value name="LIST">
        <block type="variables_get">
          <field name="VAR">{listVariable}</field>
        </block>
      </value>
    </block>
    <block type="lists_getSublist">
      <value name="LIST">
        <block type="variables_get">
          <field name="VAR">{listVariable}</field>
        </block>
      </value>
    </block>
    <block type="lists_split">
      <value name="DELIM">
        <shadow type="text">
          <field name="TEXT">,</field>
        </shadow>
      </value>
    </block>
    <block type="lists_sort"></block>
  </category>
  <category name="{catVariables}" colour="330" custom="VARIABLE"></category>
  <category name="{catFunctions}" colour="290" custom="PROCEDURE"></category>
</xml>
